Workbook

Sheet Raw_Data
A1: Date | B1: Picker_ID | C1: Picker_Name | D1: Shift | E1: Orders | F1: Items_Picked | G1: Working_Hours | H1: Errors | I1: Incentive | J1: Pick Rate | K1: Error rate | L1: Incentive_Per_Hour | M1: Performance_Status | N1: Performance_Score | O1: Performance_Rating
A2: 46235 | B2: P001 | C2: =VLOOKUP(B2,Picker_Master!A:B,2,FALSE) -> Himanshu | D2: Morning | E2: 82 | F2: 156 | G2: 8 | H2: 3 | I2: 320 | J2: =F2/G2 -> 19.5 | K2: =H2/F2% -> 1.9230769 | L2: =I2/G2 -> 40 | M2: =IF(J2>=20,"High",IF(J2>=15,"Average","Low")) -> Average | N2: =(J2/25)*70+(1-K2/100)*30 -> 84.023077 | O2: =IF(N2>=85,"Excellent",IF(N2>=70,"Good",IF(N2>=55,"Average","Needs Improvement"))) -> Good
A3: 46235 | B3: P002 | C3: Rahul | D3: Morning | E3: 74 | F3: 142 | G3: 8 | H3: 5 | I3: 290 | J3: =F3/G3 -> 17.75 | K3: =H3/F3% -> 3.5211268 | L3: =I3/G3 -> 36.25 | M3: =IF(J3>=20,"High",IF(J3>=15,"Average","Low")) -> Average | N3: =(J3/25)*70+(1-K3/100)*30 -> 78.643662 | O3: =IF(N3>=85,"Excellent",IF(N3>=70,"Good",IF(N3>=55,"Average","Needs Improvement"))) -> Good
A4: 46235 | B4: P003 | C4: Amit | D4: Evening | E4: 91 | F4: 178 | G4: 8 | H4: 2 | I4: 350 | J4: =F4/G4 -> 22.25 | K4: =H4/F4% -> 1.1235955 | L4: =I4/G4 -> 43.75 | M4: =IF(J4>=20,"High",IF(J4>=15,"Average","Low")) -> High | N4: =(J4/25)*70+(1-K4/100)*30 -> 91.962921 | O4: =IF(N4>=85,"Excellent",IF(N4>=70,"Good",IF(N4>=55,"Average","Needs Improvement"))) -> Excellent
A5: 46235 | B5: P004 | C5: Rohit | D5: Evening | E5: 68 | F5: 129 | G5: 7 | H5: 6 | I5: 265 | J5: =F5/G5 -> 18.428571 | K5: =H5/F5% -> 4.6511628 | L5: =I5/G5 -> 37.857143 | M5: =IF(J5>=20,"High",IF(J5>=15,"Average","Low")) -> Average | N5: =(J5/25)*70+(1-K5/100)*30 -> 80.204651 | O5: =IF(N5>=85,"Excellent",IF(N5>=70,"Good",IF(N5>=55,"Average","Needs Improvement"))) -> Good
A6: 46236 | B6: P001 | C6: Himanshu | D6: Morning | E6: 88 | F6: 169 | G6: 8 | H6: 2 | I6: 340 | J6: =F6/G6 -> 21.125 | K6: =H6/F6% -> 1.183432 | L6: =I6/G6 -> 42.5 | M6: =IF(J6>=20,"High",IF(J6>=15,"Average","Low")) -> High | N6: =(J6/25)*70+(1-K6/100)*30 -> 88.79497 | O6: =IF(N6>=85,"Excellent",IF(N6>=70,"Good",IF(N6>=55,"Average","Needs Improvement"))) -> Excellent
A7: 46236 | B7: P002 | C7: Rahul | D7: Morning | E7: 79 | F7: 151 | G7: 8 | H7: 4 | I7: 305 | J7: =F7/G7 -> 18.875 | K7: =H7/F7% -> 2.6490066 | L7: =I7/G7 -> 38.125 | M7: =IF(J7>=20,"High",IF(J7>=15,"Average","Low")) -> Average | N7: =(J7/25)*70+(1-K7/100)*30 -> 82.055298 | O7: =IF(N7>=85,"Excellent",IF(N7>=70,"Good",IF(N7>=55,"Average","Needs Improvement"))) -> Good
A8: 46236 | B8: P003 | C8: Amit | D8: Evening | E8: 96 | F8: 187 | G8: 8 | H8: 3 | I8: 365 | J8: =F8/G8 -> 23.375 | K8: =H8/F8% -> 1.6042781 | L8: =I8/G8 -> 45.625 | M8: =IF(J8>=20,"High",IF(J8>=15,"Average","Low")) -> High | N8: =(J8/25)*70+(1-K8/100)*30 -> 94.968717 | O8: =IF(N8>=85,"Excellent",IF(N8>=70,"Good",IF(N8>=55,"Average","Needs Improvement"))) -> Excellent
A9: 46236 | B9: P004 | C9: Rohit | D9: Evening | E9: 72 | F9: 138 | G9: 7 | H9: 5 | I9: 280 | J9: =F9/G9 -> 19.714286 | K9: =H9/F9% -> 3.6231884 | L9: =I9/G9 -> 40 | M9: =IF(J9>=20,"High",IF(J9>=15,"Average","Low")) -> Average | N9: =(J9/25)*70+(1-K9/100)*30 -> 84.113043 | O9: =IF(N9>=85,"Excellent",IF(N9>=70,"Good",IF(N9>=55,"Average","Needs Improvement"))) -> Good
A10: 46237 | B10: P001 | C10: Himanshu | D10: Morning | E10: 85 | F10: 163 | G10: 8 | H10: 6 | I10: 330 | J10: =F10/G10 -> 20.375 | K10: =H10/F10% -> 3.6809816 | L10: =I10/G10 -> 41.25 | M10: =IF(J10>=20,"High",IF(J10>=15,"Average","Low")) -> High | N10: =(J10/25)*70+(1-K10/100)*30 -> 85.945706 | O10: =IF(N10>=85,"Excellent",IF(N10>=70,"Good",IF(N10>=55,"Average","Needs Improvement"))) -> Excellent
A11: 46237 | B11: P002 | C11: Rahul | D11: Morning | E11: 76 | F11: 147 | G11: 8 | H11: 4 | I11: 300 | J11: =F11/G11 -> 18.375 | K11: =H11/F11% -> 2.7210884 | L11: =I11/G11 -> 37.5 | M11: =IF(J11>=20,"High",IF(J11>=15,"Average","Low")) -> Average | N11: =(J11/25)*70+(1-K11/100)*30 -> 80.633673 | O11: =IF(N11>=85,"Excellent",IF(N11>=70,"Good",IF(N11>=55,"Average","Needs Improvement"))) -> Good
A12: 46238 | B12: P001 | C12: =VLOOKUP(B12,Picker_Master!A:B,2,FALSE) -> Himanshu | D12: Morning | E12: 84 | F12: 161 | G12: 8 | H12: 3 | I12: 325 | J12: =F12/G12 -> 20.125 | K12: =H12/F12% -> 1.863354 | L12: =I12/G12 -> 40.625 | M12: =IF(J12>=20,"High",IF(J12>=15,"Average","Low")) -> High | N12: =(J12/25)*70+(1-K12/100)*30 -> 85.790994 | O12: =IF(N12>=85,"Excellent",IF(N12>=70,"Good",IF(N12>=55,"Average","Needs Improvement"))) -> Excellent
A13: 46238 | B13: P002 | C13: =VLOOKUP(B13,Picker_Master!A:B,2,FALSE) -> Rahul | D13: Morning | E13: 77 | F13: 148 | G13: 8 | H13: 4 | I13: 305 | J13: =F13/G13 -> 18.5 | K13: =H13/F13% -> 2.7027027 | L13: =I13/G13 -> 38.125 | M13: =IF(J13>=20,"High",IF(J13>=15,"Average","Low")) -> Average | N13: =(J13/25)*70+(1-K13/100)*30 -> 80.989189 | O13: =IF(N13>=85,"Excellent",IF(N13>=70,"Good",IF(N13>=55,"Average","Needs Improvement"))) -> Good
A14: 46238 | B14: P003 | C14: =VLOOKUP(B14,Picker_Master!A:B,2,FALSE) -> Amit | D14: Evening | E14: 94 | F14: 182 | G14: 8 | H14: 2 | I14: 360 | J14: =F14/G14 -> 22.75 | K14: =H14/F14% -> 1.0989011 | L14: =I14/G14 -> 45 | M14: =IF(J14>=20,"High",IF(J14>=15,"Average","Low")) -> High | N14: =(J14/25)*70+(1-K14/100)*30 -> 93.37033 | O14: =IF(N14>=85,"Excellent",IF(N14>=70,"Good",IF(N14>=55,"Average","Needs Improvement"))) -> Excellent
A15: 46238 | B15: P004 | C15: =VLOOKUP(B15,Picker_Master!A:B,2,FALSE) -> Rohit | D15: Evening | E15: 70 | F15: 134 | G15: 7 | H15: 5 | I15: 275 | J15: =F15/G15 -> 19.142857 | K15: =H15/F15% -> 3.7313433 | L15: =I15/G15 -> 39.285714 | M15: =IF(J15>=20,"High",IF(J15>=15,"Average","Low")) -> Average | N15: =(J15/25)*70+(1-K15/100)*30 -> 82.480597 | O15: =IF(N15>=85,"Excellent",IF(N15>=70,"Good",IF(N15>=55,"Average","Needs Improvement"))) -> Good
A16: 46239 | B16: P001 | C16: =VLOOKUP(B16,Picker_Master!A:B,2,FALSE) -> Himanshu | D16: Morning | E16: 89 | F16: 171 | G16: 8 | H16: 2 | I16: 345 | J16: =F16/G16 -> 21.375 | K16: =H16/F16% -> 1.1695906 | L16: =I16/G16 -> 43.125 | M16: =IF(J16>=20,"High",IF(J16>=15,"Average","Low")) -> High | N16: =(J16/25)*70+(1-K16/100)*30 -> 89.499123 | O16: =IF(N16>=85,"Excellent",IF(N16>=70,"Good",IF(N16>=55,"Average","Needs Improvement"))) -> Excellent
A17: 46239 | B17: P002 | C17: =VLOOKUP(B17,Picker_Master!A:B,2,FALSE) -> Rahul | D17: Morning | E17: 81 | F17: 155 | G17: 8 | H17: 3 | I17: 315 | J17: =F17/G17 -> 19.375 | K17: =H17/F17% -> 1.9354839 | L17: =I17/G17 -> 39.375 | M17: =IF(J17>=20,"High",IF(J17>=15,"Average","Low")) -> Average | N17: =(J17/25)*70+(1-K17/100)*30 -> 83.669355 | O17: =IF(N17>=85,"Excellent",IF(N17>=70,"Good",IF(N17>=55,"Average","Needs Improvement"))) -> Good
A18: 46239 | B18: P003 | C18: =VLOOKUP(B18,Picker_Master!A:B,2,FALSE) -> Amit | D18: Evening | E18: 98 | F18: 191 | G18: 8 | H18: 2 | I18: 375 | J18: =F18/G18 -> 23.875 | K18: =H18/F18% -> 1.0471204 | L18: =I18/G18 -> 46.875 | M18: =IF(J18>=20,"High",IF(J18>=15,"Average","Low")) -> High | N18: =(J18/25)*70+(1-K18/100)*30 -> 96.535864 | O18: =IF(N18>=85,"Excellent",IF(N18>=70,"Good",IF(N18>=55,"Average","Needs Improvement"))) -> Excellent
A19: 46239 | B19: P004 | C19: =VLOOKUP(B19,Picker_Master!A:B,2,FALSE) -> Rohit | D19: Evening | E19: 73 | F19: 140 | G19: 7 | H19: 4 | I19: 285 | J19: =F19/G19 -> 20 | K19: =H19/F19% -> 2.8571429 | L19: =I19/G19 -> 40.714286 | M19: =IF(J19>=20,"High",IF(J19>=15,"Average","Low")) -> High | N19: =(J19/25)*70+(1-K19/100)*30 -> 85.142857 | O19: =IF(N19>=85,"Excellent",IF(N19>=70,"Good",IF(N19>=55,"Average","Needs Improvement"))) -> Excellent
A20: 46240 | B20: P001 | C20: =VLOOKUP(B20,Picker_Master!A:B,2,FALSE) -> Himanshu | D20: Morning | E20: 86 | F20: 165 | G20: 8 | H20: 4 | I20: 335 | J20: =F20/G20 -> 20.625 | K20: =H20/F20% -> 2.4242424 | L20: =I20/G20 -> 41.875 | M20: =IF(J20>=20,"High",IF(J20>=15,"Average","Low")) -> High | N20: =(J20/25)*70+(1-K20/100)*30 -> 87.022727 | O20: =IF(N20>=85,"Excellent",IF(N20>=70,"Good",IF(N20>=55,"Average","Needs Improvement"))) -> Excellent
A21: 46240 | B21: P002 | C21: =VLOOKUP(B21,Picker_Master!A:B,2,FALSE) -> Rahul | D21: Morning | E21: 75 | F21: 144 | G21: 8 | H21: 5 | I21: 295 | J21: =F21/G21 -> 18 | K21: =H21/F21% -> 3.4722222 | L21: =I21/G21 -> 36.875 | M21: =IF(J21>=20,"High",IF(J21>=15,"Average","Low")) -> Average | N21: =(J21/25)*70+(1-K21/100)*30 -> 79.358333 | O21: =IF(N21>=85,"Excellent",IF(N21>=70,"Good",IF(N21>=55,"Average","Needs Improvement"))) -> Good
A22: 46240 | B22: P003 | C22: =VLOOKUP(B22,Picker_Master!A:B,2,FALSE) -> Amit | D22: Evening | E22: 92 | F22: 179 | G22: 8 | H22: 3 | I22: 355 | J22: =F22/G22 -> 22.375 | K22: =H22/F22% -> 1.6759777 | L22: =I22/G22 -> 44.375 | M22: =IF(J22>=20,"High",IF(J22>=15,"Average","Low")) -> High | N22: =(J22/25)*70+(1-K22/100)*30 -> 92.147207 | O22: =IF(N22>=85,"Excellent",IF(N22>=70,"Good",IF(N22>=55,"Average","Needs Improvement"))) -> Excellent
A23: 46240 | B23: P004 | C23: =VLOOKUP(B23,Picker_Master!A:B,2,FALSE) -> Rohit | D23: Evening | E23: 69 | F23: 132 | G23: 7 | H23: 6 | I23: 270 | J23: =F23/G23 -> 18.857143 | K23: =H23/F23% -> 4.5454545 | L23: =I23/G23 -> 38.571429 | M23: =IF(J23>=20,"High",IF(J23>=15,"Average","Low")) -> Average | N23: =(J23/25)*70+(1-K23/100)*30 -> 81.436364 | O23: =IF(N23>=85,"Excellent",IF(N23>=70,"Good",IF(N23>=55,"Average","Needs Improvement"))) -> Good
... A51: 46247 | B51: P004 | C51: =VLOOKUP(B51,Picker_Master!A:B,2,FALSE) -> Rohit | D51: Evening | E51: 75 | F51: 144 | G51: 7 | H51: 4 | I51: 290 | J51: =F51/G51 -> 20.571429 | K51: =H51/F51% -> 2.7777778 | L51: =I51/G51 -> 41.428571 | M51: =IF(J51>=20,"High",IF(J51>=15,"Average","Low")) -> High | N51: =(J51/25)*70+(1-K51/100)*30 -> 86.766667 | O51: =IF(N51>=85,"Excellent",IF(N51>=70,"Good",IF(N51>=55,"Average","Needs Improvement"))) -> Excellent

Sheet Picker_Master
A1: Picker_ID | B1: Picker_Name
A2: P001 | B2: Himanshu
A3: P002 | B3: Rahul
A4: P003 | B4: Amit
A5: P004 | B5: Rohit

Sheet Sheet4
A3: Row Labels | B3: Average of Pick Rate
A4: Amit | B4: 23.25
A5: Himanshu | B5: 20.932692
A6: Rahul | B6: 19.05
A7: Rahul | B7: 18.333333
A8: Rohit | B8: 19.785714
A9: Grand Total | B9: 20.681071

Sheet Sheet5
A3: Row Labels | B3: Sum of Orders | C3: Sum of Items_Picked | D3: Sum of Errors | E3: Average of Pick Rate
A4: Evening | B4: 2016 | C4: 3894 | D4: 83 | E4: 21.517857
A5: Morning | B5: 2157 | C5: 4141 | D5: 87 | E5: 19.908654
A6: Grand Total | B6: 4173 | C6: 8035 | D6: 170 | E6: 20.681071

Sheet Sheet6
A3: Row Labels | B3: Average of Performance_Score | C3: Average of Error rate | D3: Average of Pick Rate | E3: Sum of Incentive
A4: Amit | B4: 94.775589 | C4: 1.0813698 | D4: 23.25 | E4: 4420
A5: Himanshu | B5: 88.083748 | C5: 1.7593005 | D5: 20.932692 | E5: 4395
A6: Rahul | B6: 82.624445 | C6: 2.385185 | D6: 19.05 | E6: 3100
A7: Rahul | B7: 80.444211 | C7: 2.9637406 | D7: 18.333333 | E7: 895
A8: Rohit | B8: 84.327849 | C8: 3.5738374 | D8: 19.785714 | E8: 3370
A9: Grand Total | B9: 87.238141 | C9: 2.2295293 | D9: 20.681071 | E9: 16180

Sheet Sheet7
A1: WAREHOUSE PICKER PRODUCTIVITY DASHBOARD
B5: TOTAL ORDERS | D5: TOTAL ITEMS | F5: AVG PICK RATE | H5: AVG ERROR RATE | J5: TOTAL INCENTIVE | L5: TOP PERFORMER
B6: =SUM(Raw_Data!E2:E51) -> 4173 | D6: =SUM(Raw_Data!F2:F51) -> 8035 | F6: =AVERAGE(Raw_Data!J2:J51) -> 20.681071 | H6: =AVERAGE(Raw_Data!K2:K51) -> 2.2295293 | J6: =SUM(Raw_Data!I2:I51) -> 16180 | L6: AMIT
